No.,Target Keyword,HTML Filename,Suggested Page Title
1,Rudrapur Jobs,rudrapur-jobs.html,Rudrapur Jobs | JOBNEX
2,Rudrapur SIDCUL Jobs,rudrapur-sidcul-jobs.html,Rudrapur SIDCUL Jobs | JOBNEX
3,Pantnagar Jobs,pantnagar-jobs.html,Pantnagar Jobs | JOBNEX
4,Uttarakhand Jobs,uttarakhand-jobs.html,Uttarakhand Jobs | JOBNEX
5,SIDCUL Vacancy,sidcul-vacancy.html,SIDCUL Vacancy | JOBNEX
6,Rudrapur Vacancy,rudrapur-vacancy.html,Rudrapur Vacancy | JOBNEX
7,Pantnagar Vacancy,pantnagar-vacancy.html,Pantnagar Vacancy | JOBNEX
8,Rudrapur Private Jobs,rudrapur-private-jobs.html,Rudrapur Private Jobs | JOBNEX
9,Pantnagar Company Jobs,pantnagar-company-jobs.html,Pantnagar Company Jobs | JOBNEX
10,Uttarakhand Private Jobs,uttarakhand-private-jobs.html,Uttarakhand Private Jobs | JOBNEX
11,Rudrapur ITI Jobs,rudrapur-iti-jobs.html,Rudrapur ITI Jobs | JOBNEX
12,Pantnagar ITI Jobs,pantnagar-iti-jobs.html,Pantnagar ITI Jobs | JOBNEX
13,Rudrapur Diploma Jobs,rudrapur-diploma-jobs.html,Rudrapur Diploma Jobs | JOBNEX
14,Pantnagar Diploma Jobs,pantnagar-diploma-jobs.html,Pantnagar Diploma Jobs | JOBNEX
15,Rudrapur Helper Vacancy,rudrapur-helper-vacancy.html,Rudrapur Helper Vacancy | JOBNEX
16,Pantnagar Helper Jobs,pantnagar-helper-jobs.html,Pantnagar Helper Jobs | JOBNEX
17,Rudrapur Electrician Jobs,rudrapur-electrician-jobs.html,Rudrapur Electrician Jobs | JOBNEX
18,Pantnagar Electrician Jobs,pantnagar-electrician-jobs.html,Pantnagar Electrician Jobs | JOBNEX
19,Rudrapur Technician Jobs,rudrapur-technician-jobs.html,Rudrapur Technician Jobs | JOBNEX
20,Pantnagar Technician Jobs,pantnagar-technician-jobs.html,Pantnagar Technician Jobs | JOBNEX
21,Rudrapur Production Jobs,rudrapur-production-jobs.html,Rudrapur Production Jobs | JOBNEX
22,SIDCUL Company Jobs,sidcul-company-jobs.html,SIDCUL Company Jobs | JOBNEX
23,Rudrapur Fresher Jobs,rudrapur-fresher-jobs.html,Rudrapur Fresher Jobs | JOBNEX
24,Pantnagar Fresher Jobs,pantnagar-fresher-jobs.html,Pantnagar Fresher Jobs | JOBNEX
25,Rudrapur Maintenance Jobs,rudrapur-maintenance-jobs.html,Rudrapur Maintenance Jobs | JOBNEX
26,Pantnagar Maintenance Jobs,pantnagar-maintenance-jobs.html,Pantnagar Maintenance Jobs | JOBNEX
27,Rudrapur Supervisor Jobs,rudrapur-supervisor-jobs.html,Rudrapur Supervisor Jobs | JOBNEX
28,Uttarakhand ITI Jobs,uttarakhand-iti-jobs.html,Uttarakhand ITI Jobs | JOBNEX
29,Uttarakhand Diploma Jobs,uttarakhand-diploma-jobs.html,Uttarakhand Diploma Jobs | JOBNEX
30,Rudrapur Factory Jobs,rudrapur-factory-jobs.html,Rudrapur Factory Jobs | JOBNEX
